city,latitude,longitude,date,temperature_max,temperature_min,precipitation_sum,precipitation_probability_max,wind_speed_max,wind_gusts_max,weather_code
Casablanca,33.5992,-7.62,2026-09-26,27.8,19.5,0.0,0,10.2,30.2,45
Casablanca,33.5992,-7.62,2026-09-27,26.6,20.2,0.0,3,12.5,35.3,3
Casablanca,33.5992,-7.62,2026-09-28,24.7,21.2,2.3,23,8.0,25.9,80
Casablanca,33.5992,-7.62,2026-09-29,27.7,17.8,0.0,0,11.4,31.7,3
Casablanca,33.5992,-7.62,2026-09-30,26.7,20.1,0.0,0,12.0,34.9,3
Casablanca,33.5992,-7.62,2026-10-01,26.4,21.6,0.0,0,15.0,37.8,3
Casablanca,33.5992,-7.62,2026-10-02,29.8,20.9,0.0,0,10.9,30.2,45
Tangier,35.7767,-5.8039000000000005,2026-09-26,29.4,20.2,0.0,0,23.4,53.3,3
Tangier,35.7767,-5.8039000000000005,2026-09-27,29.5,21.2,0.0,8,13.3,26.6,3
Tangier,35.7767,-5.8039000000000005,2026-09-28,23.6,19.6,1.1,25,11.2,24.8,61
Tangier,35.7767,-5.8039000000000005,2026-09-29,26.8,18.2,0.0,0,12.0,27.7,3
Tangier,35.7767,-5.8039000000000005,2026-09-30,25.9,18.2,0.0,0,12.6,28.1,3
Tangier,35.7767,-5.8039000000000005,2026-10-01,26.3,19.1,0.0,3,17.4,31.3,3
Tangier,35.7767,-5.8039000000000005,2026-10-02,25.9,22.2,0.0,0,33.5,60.1,3
Fès,34.0433,-5.0033,2026-09-26,37.6,21.7,0.0,0,10.5,28.8,3
Fès,34.0433,-5.0033,2026-09-27,30.6,20.9,0.0,13,12.9,32.4,3
Fès,34.0433,-5.0033,2026-09-28,23.5,20.2,1.2,44,9.2,25.6,61
Fès,34.0433,-5.0033,2026-09-29,30.7,18.6,0.0,22,13.9,34.6,3
Fès,34.0433,-5.0033,2026-09-30,32.5,20.6,0.0,0,13.0,35.3,3
Fès,34.0433,-5.0033,2026-10-01,33.3,22.2,0.0,0,13.0,32.0,3
Fès,34.0433,-5.0033,2026-10-02,33.3,23.2,0.0,5,8.1,23.4,3
Marrakech,31.6295,-7.9811,2026-09-26,33.6,22.0,0.0,0,12.8,34.6,3
Marrakech,31.6295,-7.9811,2026-09-27,31.4,21.5,0.0,3,7.4,24.5,3
Marrakech,31.6295,-7.9811,2026-09-28,24.2,20.3,1.5,35,11.9,32.8,61
Marrakech,31.6295,-7.9811,2026-09-29,31.8,18.8,0.0,2,9.5,28.8,2
Marrakech,31.6295,-7.9811,2026-09-30,34.1,21.1,0.0,3,7.6,33.5,2
Marrakech,31.6295,-7.9811,2026-10-01,35.3,21.5,0.30000000000000004,3,12.5,26.3,3
Marrakech,31.6295,-7.9811,2026-10-02,34.0,23.1,0.0,3,10.7,25.9,3
Sale,34.05,-6.8167,2026-09-26,28.3,18.7,0.0,0,9.4,25.9,45
Sale,34.05,-6.8167,2026-09-27,26.2,20.5,0.0,3,12.8,32.8,3
Sale,34.05,-6.8167,2026-09-28,24.6,21.3,0.30000000000000004,20,9.3,23.4,61
Sale,34.05,-6.8167,2026-09-29,27.8,18.0,0.0,0,11.5,30.2,2
Sale,34.05,-6.8167,2026-09-30,27.6,19.2,0.0,0,12.6,34.6,3
Sale,34.05,-6.8167,2026-10-01,25.5,20.8,0.0,0,13.6,30.6,3
Sale,34.05,-6.8167,2026-10-02,27.4,21.3,0.0,0,9.7,26.6,3
Meknès,33.8833,-5.55,2026-09-26,35.5,18.4,0.0,0,12.6,33.5,3
Meknès,33.8833,-5.55,2026-09-27,29.9,19.5,0.0,8,13.1,34.2,3
Meknès,33.8833,-5.55,2026-09-28,21.6,18.9,1.8,38,11.6,32.8,61
Meknès,33.8833,-5.55,2026-09-29,28.7,16.8,0.1,17,12.4,34.2,61
Meknès,33.8833,-5.55,2026-09-30,31.2,18.1,0.0,0,13.7,37.4,3
Meknès,33.8833,-5.55,2026-10-01,32.5,19.5,0.0,0,14.0,32.8,3
Meknès,33.8833,-5.55,2026-10-02,33.0,20.0,0.0,3,8.8,23.4,3
Rabat,34.0211,-6.8414,2026-09-26,28.4,18.7,0.0,0,9.4,25.9,45
Rabat,34.0211,-6.8414,2026-09-27,26.3,20.5,0.0,3,12.8,32.8,3
Rabat,34.0211,-6.8414,2026-09-28,24.7,21.4,0.30000000000000004,20,9.3,23.4,61
Rabat,34.0211,-6.8414,2026-09-29,27.8,18.0,0.0,0,11.5,30.2,2
Rabat,34.0211,-6.8414,2026-09-30,27.6,19.3,0.0,0,12.6,34.6,3
Rabat,34.0211,-6.8414,2026-10-01,25.6,20.9,0.0,0,13.6,30.6,3
Rabat,34.0211,-6.8414,2026-10-02,27.5,21.3,0.0,0,9.7,26.6,3
Agadir,30.4214,-9.5831,2026-09-26,26.9,20.7,0.0,0,10.1,32.0,45
Agadir,30.4214,-9.5831,2026-09-27,27.9,20.1,0.0,0,9.7,31.7,3
Agadir,30.4214,-9.5831,2026-09-28,27.7,21.0,0.0,8,11.7,37.1,3
Agadir,30.4214,-9.5831,2026-09-29,28.9,20.0,0.0,0,10.1,33.1,3
Agadir,30.4214,-9.5831,2026-09-30,27.9,20.5,0.0,0,10.4,34.9,2
Agadir,30.4214,-9.5831,2026-10-01,31.9,20.5,0.0,0,12.4,26.3,3
Agadir,30.4214,-9.5831,2026-10-02,38.5,23.7,0.0,0,16.2,37.4,3
Kenitra,34.25,-6.5833,2026-09-26,30.2,17.6,0.0,0,11.2,27.0,45
Kenitra,34.25,-6.5833,2026-09-27,26.6,19.9,0.0,3,14.1,36.0,3
Kenitra,34.25,-6.5833,2026-09-28,23.5,20.3,0.30000000000000004,20,10.5,26.6,61
Kenitra,34.25,-6.5833,2026-09-29,29.0,16.9,0.0,0,12.0,29.9,3
Kenitra,34.25,-6.5833,2026-09-30,29.4,17.4,0.0,0,13.6,35.3,3
Kenitra,34.25,-6.5833,2026-10-01,27.5,19.7,0.0,0,14.8,33.1,45
Kenitra,34.25,-6.5833,2026-10-02,29.2,19.1,0.0,0,11.2,28.8,45
Oujda-Angad,34.6867,-1.9114,2026-09-26,34.1,14.4,0.0,0,18.8,40.3,3
Oujda-Angad,34.6867,-1.9114,2026-09-27,30.4,15.4,0.0,5,18.2,39.2,3
Oujda-Angad,34.6867,-1.9114,2026-09-28,25.9,18.1,0.5,23,14.7,36.7,61
Oujda-Angad,34.6867,-1.9114,2026-09-29,33.2,18.3,0.0,15,21.4,49.3,3
Oujda-Angad,34.6867,-1.9114,2026-09-30,33.4,18.0,0.0,0,22.7,46.4,2
Oujda-Angad,34.6867,-1.9114,2026-10-01,33.6,16.3,0.0,3,20.4,37.4,3
Oujda-Angad,34.6867,-1.9114,2026-10-02,33.2,18.9,0.0,14,17.3,32.4,3
Tétouan,35.5667,-5.3667,2026-09-26,26.0,18.2,0.0,0,18.0,46.8,3
Tétouan,35.5667,-5.3667,2026-09-27,26.7,21.4,0.0,3,13.4,35.6,3
Tétouan,35.5667,-5.3667,2026-09-28,22.6,19.7,4.2,35,8.7,23.4,61
Tétouan,35.5667,-5.3667,2026-09-29,25.6,18.9,0.0,3,10.8,25.9,3
Tétouan,35.5667,-5.3667,2026-09-30,27.3,19.3,0.0,0,9.6,23.0,3
Tétouan,35.5667,-5.3667,2026-10-01,25.6,20.3,0.0,0,14.3,34.9,3
Tétouan,35.5667,-5.3667,2026-10-02,25.7,22.0,0.0,2,21.7,52.2,3
Safi,32.2833,-9.2333,2026-09-26,25.0,20.1,0.0,0,10.3,20.2,45
Safi,32.2833,-9.2333,2026-09-27,24.3,19.4,0.0,3,10.2,21.2,45
Safi,32.2833,-9.2333,2026-09-28,26.8,20.3,0.5,10,14.4,25.9,61
Safi,32.2833,-9.2333,2026-09-29,27.5,18.8,0.0,0,13.5,24.5,2
Safi,32.2833,-9.2333,2026-09-30,26.1,19.7,0.0,0,19.1,34.2,2
Safi,32.2833,-9.2333,2026-10-01,31.1,20.6,0.0,0,22.0,40.7,3
Safi,32.2833,-9.2333,2026-10-02,31.2,21.2,0.0,0,15.6,28.8,3
Taourirt,34.41,-2.89,2026-09-26,34.3,17.5,0.0,0,26.0,45.0,3
Taourirt,34.41,-2.89,2026-09-27,31.0,17.9,0.1,8,21.3,35.3,80
Taourirt,34.41,-2.89,2026-09-28,25.3,19.5,0.4,18,19.4,34.9,80
Taourirt,34.41,-2.89,2026-09-29,33.6,18.9,0.0,14,28.9,49.0,45
Taourirt,34.41,-2.89,2026-09-30,33.8,18.8,0.0,0,23.4,42.8,45
Taourirt,34.41,-2.89,2026-10-01,31.2,18.8,0.0,0,20.3,33.8,3
Taourirt,34.41,-2.89,2026-10-02,30.9,19.3,0.0,3,21.0,35.6,3
Temara,33.9234,-6.9076,2026-09-26,28.0,17.9,0.0,0,9.5,27.4,45
Temara,33.9234,-6.9076,2026-09-27,26.2,20.0,0.0,3,13.0,34.6,3
Temara,33.9234,-6.9076,2026-09-28,24.3,20.9,0.30000000000000004,20,9.8,25.9,61
Temara,33.9234,-6.9076,2026-09-29,27.8,17.5,0.0,0,11.5,31.7,2
Temara,33.9234,-6.9076,2026-09-30,28.0,19.0,0.0,0,12.8,35.3,3
Temara,33.9234,-6.9076,2026-10-01,24.8,20.6,0.0,0,14.9,29.9,3
Temara,33.9234,-6.9076,2026-10-02,26.1,20.6,0.0,0,9.4,22.0,3
Laâyoune,27.15,-13.2,2026-09-26,26.4,22.1,0.0,10,30.1,54.4,3
Laâyoune,27.15,-13.2,2026-09-27,30.2,22.7,1.4,35,25.1,44.3,53
Laâyoune,27.15,-13.2,2026-09-28,32.7,21.1,0.0,26,20.2,38.9,3
Laâyoune,27.15,-13.2,2026-09-29,34.8,20.3,0.0,0,18.4,39.2,1
Laâyoune,27.15,-13.2,2026-09-30,33.6,21.2,0.0,0,25.5,50.8,0
Laâyoune,27.15,-13.2,2026-10-01,32.9,20.3,0.0,0,26.1,50.0,0
Laâyoune,27.15,-13.2,2026-10-02,34.8,21.6,0.0,2,24.0,44.6,3
El Jadid,33.2566,-8.5025,2026-09-26,25.9,20.9,0.0,0,13.6,24.1,45
El Jadid,33.2566,-8.5025,2026-09-27,25.0,21.3,0.0,3,16.3,29.2,3
El Jadid,33.2566,-8.5025,2026-09-28,25.7,20.9,1.8,20,13.8,24.5,61
El Jadid,33.2566,-8.5025,2026-09-29,27.1,18.6,0.0,0,13.6,25.9,3
El Jadid,33.2566,-8.5025,2026-09-30,25.7,20.5,0.0,0,18.5,33.5,2
El Jadid,33.2566,-8.5025,2026-10-01,26.2,21.9,0.0,0,24.9,46.1,3
El Jadid,33.2566,-8.5025,2026-10-02,26.5,21.8,0.30000000000000004,0,17.2,46.8,45
Ait Melloul,30.3342,-9.4972,2026-09-26,26.6,20.6,0.0,0,17.0,34.2,45
Ait Melloul,30.3342,-9.4972,2026-09-27,28.6,20.3,0.0,0,20.3,41.4,3
Ait Melloul,30.3342,-9.4972,2026-09-28,28.7,20.5,0.1,10,17.3,35.6,61
Ait Melloul,30.3342,-9.4972,2026-09-29,27.9,18.2,0.0,0,16.6,33.8,3
Ait Melloul,30.3342,-9.4972,2026-09-30,26.7,18.8,0.0,0,16.3,33.5,1
Ait Melloul,30.3342,-9.4972,2026-10-01,32.2,19.3,0.0,0,12.4,26.3,45
Ait Melloul,30.3342,-9.4972,2026-10-02,38.8,24.0,0.0,0,16.2,37.4,3
Béni Mellal,32.3394,-6.3608,2026-09-26,36.0,23.9,0.0,0,15.8,35.6,3
Béni Mellal,32.3394,-6.3608,2026-09-27,28.7,21.1,0.0,15,8.9,23.4,61
Béni Mellal,32.3394,-6.3608,2026-09-28,23.9,19.4,1.1,20,7.9,26.6,61
Béni Mellal,32.3394,-6.3608,2026-09-29,31.0,19.1,0.0,4,15.3,32.0,3
Béni Mellal,32.3394,-6.3608,2026-09-30,33.4,21.8,0.0,0,16.9,33.8,3
Béni Mellal,32.3394,-6.3608,2026-10-01,34.3,23.2,0.30000000000000004,3,19.4,36.7,3
Béni Mellal,32.3394,-6.3608,2026-10-02,33.7,25.7,0.0,12,13.6,28.1,3
Bouskoura,33.4489,-7.6486,2026-09-26,30.8,18.4,0.0,0,13.8,33.8,45
Bouskoura,33.4489,-7.6486,2026-09-27,28.8,19.2,0.0,3,14.0,35.3,3
Bouskoura,33.4489,-7.6486,2026-09-28,25.2,20.3,1.3,23,10.2,27.4,61
Bouskoura,33.4489,-7.6486,2026-09-29,30.0,17.1,0.0,0,14.1,34.9,3
Bouskoura,33.4489,-7.6486,2026-09-30,29.6,18.9,0.0,0,16.2,40.0,3
Bouskoura,33.4489,-7.6486,2026-10-01,26.1,20.6,0.0,0,15.0,37.8,3
Bouskoura,33.4489,-7.6486,2026-10-02,29.0,20.1,0.0,3,10.9,30.2,45
Tiznit,29.7,-9.7269,2026-09-26,27.5,20.2,0.0,0,18.4,29.9,3
Tiznit,29.7,-9.7269,2026-09-27,29.3,20.4,0.0,0,19.1,31.0,3
Tiznit,29.7,-9.7269,2026-09-28,28.2,20.8,0.0,5,15.3,27.0,3
Tiznit,29.7,-9.7269,2026-09-29,28.7,19.6,0.0,0,15.9,25.6,3
Tiznit,29.7,-9.7269,2026-09-30,27.4,19.4,0.0,0,16.3,28.4,0
Tiznit,29.7,-9.7269,2026-10-01,26.2,19.7,0.0,0,14.8,24.1,1
Tiznit,29.7,-9.7269,2026-10-02,29.5,19.8,0.0,0,16.1,25.2,3
Mohammedia,33.6833,-7.3833,2026-09-26,26.6,18.6,0.0,0,11.2,28.1,45
Mohammedia,33.6833,-7.3833,2026-09-27,25.8,20.6,0.0,3,14.5,36.0,3
Mohammedia,33.6833,-7.3833,2026-09-28,25.0,20.7,0.1,23,8.7,22.3,61
Mohammedia,33.6833,-7.3833,2026-09-29,26.8,16.9,0.0,1,12.1,31.3,3
Mohammedia,33.6833,-7.3833,2026-09-30,26.1,19.1,0.0,0,14.2,36.0,2
Mohammedia,33.6833,-7.3833,2026-10-01,27.3,21.5,0.0,0,19.5,36.4,3
Mohammedia,33.6833,-7.3833,2026-10-02,30.7,19.9,0.0,0,14.2,28.1,45
Kouribga,32.88,-6.9,2026-09-26,35.3,21.3,0.0,0,19.9,38.5,3
Kouribga,32.88,-6.9,2026-09-27,29.7,18.8,0.0,3,15.8,32.4,3
Kouribga,32.88,-6.9,2026-09-28,21.6,17.7,2.0,28,15.9,33.8,61
Kouribga,32.88,-6.9,2026-09-29,29.7,16.2,0.0,1,18.2,34.9,45
Kouribga,32.88,-6.9,2026-09-30,32.1,19.9,0.0,0,22.0,42.1,3
Kouribga,32.88,-6.9,2026-10-01,31.7,20.6,0.30000000000000004,0,11.4,22.7,3
Kouribga,32.88,-6.9,2026-10-02,31.3,20.6,0.30000000000000004,8,10.1,21.6,80
Settat,33.0023,-7.6198,2026-09-26,34.6,19.1,0.0,0,16.0,34.2,3
Settat,33.0023,-7.6198,2026-09-27,30.5,19.2,0.0,0,13.7,31.0,3
Settat,33.0023,-7.6198,2026-09-28,24.4,19.7,1.1,30,10.9,26.3,61
Settat,33.0023,-7.6198,2026-09-29,31.2,17.3,0.0,1,17.4,38.2,2
Settat,33.0023,-7.6198,2026-09-30,33.3,20.3,0.0,0,18.0,39.2,2
Settat,33.0023,-7.6198,2026-10-01,30.7,19.8,0.0,0,20.4,40.7,3
Settat,33.0023,-7.6198,2026-10-02,35.2,20.2,1.5,5,13.0,25.9,3
Barrechid,33.27,-7.5872,2026-09-26,34.0,17.8,0.0,0,17.3,31.7,45
Barrechid,33.27,-7.5872,2026-09-27,30.1,19.2,0.0,0,17.7,31.7,3
Barrechid,33.27,-7.5872,2026-09-28,25.2,20.0,0.6000000000000001,25,12.3,25.2,61
Barrechid,33.27,-7.5872,2026-09-29,31.8,16.2,0.0,1,18.3,33.8,2
Barrechid,33.27,-7.5872,2026-09-30,32.4,18.3,0.0,0,20.2,37.4,3
Barrechid,33.27,-7.5872,2026-10-01,29.9,20.0,0.0,0,22.8,41.4,3
Barrechid,33.27,-7.5872,2026-10-02,34.5,19.6,0.0,3,11.3,26.3,3
Ad Dakhla,23.7167,-15.95,2026-09-26,23.4,21.9,0.0,20,46.8,59.0,3
Ad Dakhla,23.7167,-15.95,2026-09-27,24.8,21.4,0.1,24,41.3,52.2,51
Ad Dakhla,23.7167,-15.95,2026-09-28,24.1,20.7,0.0,10,35.4,48.2,3
Ad Dakhla,23.7167,-15.95,2026-09-29,22.2,20.5,0.0,0,16.9,21.2,1
Ad Dakhla,23.7167,-15.95,2026-09-30,22.5,21.2,0.0,0,27.9,34.6,0
Ad Dakhla,23.7167,-15.95,2026-10-01,22.3,20.9,0.0,0,33.6,41.4,1
Ad Dakhla,23.7167,-15.95,2026-10-02,21.9,20.7,0.0,1,34.6,43.2,1
Nador,35.1667,-2.9333,2026-09-26,25.7,19.8,0.0,0,13.6,32.0,45
Nador,35.1667,-2.9333,2026-09-27,25.4,22.0,0.0,3,14.3,31.7,3
Nador,35.1667,-2.9333,2026-09-28,25.4,22.3,0.2,20,10.2,23.4,3
Nador,35.1667,-2.9333,2026-09-29,26.0,22.0,0.0,20,12.0,27.7,3
Nador,35.1667,-2.9333,2026-09-30,26.2,21.6,0.0,0,10.4,26.3,3
Nador,35.1667,-2.9333,2026-10-01,26.4,21.6,0.0,3,15.6,30.2,45
Nador,35.1667,-2.9333,2026-10-02,26.2,21.6,0.0,5,18.4,33.8,45
Taza,34.2144,-4.0088,2026-09-26,33.5,17.5,0.0,0,20.5,42.5,3
Taza,34.2144,-4.0088,2026-09-27,31.5,18.4,0.2,5,16.3,33.8,3
Taza,34.2144,-4.0088,2026-09-28,25.5,19.2,0.2,58,14.1,27.4,61
Taza,34.2144,-4.0088,2026-09-29,31.6,18.3,0.0,29,13.4,27.4,3
Taza,34.2144,-4.0088,2026-09-30,32.9,18.3,0.0,0,9.7,19.1,45
Taza,34.2144,-4.0088,2026-10-01,33.1,20.0,0.0,0,15.8,28.8,3
Taza,34.2144,-4.0088,2026-10-02,31.0,19.4,0.0,10,13.8,27.0,3
Inezgane,30.3658,-9.5381,2026-09-26,25.5,20.0,0.0,0,11.9,33.5,45
Inezgane,30.3658,-9.5381,2026-09-27,27.3,19.9,0.0,0,11.2,32.4,3
Inezgane,30.3658,-9.5381,2026-09-28,27.0,19.9,0.0,10,14.2,37.4,3
Inezgane,30.3658,-9.5381,2026-09-29,26.7,18.5,0.0,0,11.5,34.6,45
Inezgane,30.3658,-9.5381,2026-09-30,25.6,18.9,0.0,0,12.2,36.0,2
Inezgane,30.3658,-9.5381,2026-10-01,32.2,19.3,0.0,0,12.4,26.3,45
Inezgane,30.3658,-9.5381,2026-10-02,38.8,24.0,0.0,0,16.2,37.4,3
Larache,35.1833,-6.15,2026-09-26,29.6,17.1,0.0,0,9.9,19.8,3
Larache,35.1833,-6.15,2026-09-27,27.3,20.5,0.0,3,15.6,29.5,45
Larache,35.1833,-6.15,2026-09-28,23.7,20.1,0.5,18,15.8,28.4,61
Larache,35.1833,-6.15,2026-09-29,26.9,16.9,0.0,1,15.2,28.1,2
Larache,35.1833,-6.15,2026-09-30,26.8,17.4,0.0,0,18.1,34.2,45
Larache,35.1833,-6.15,2026-10-01,27.7,19.5,0.0,3,13.4,25.2,3
Larache,35.1833,-6.15,2026-10-02,29.7,19.4,0.0,4,9.1,17.3,3
Al Khmissat,33.81,-6.06,2026-09-26,35.7,18.6,0.0,0,13.6,28.8,3
Al Khmissat,33.81,-6.06,2026-09-27,31.2,18.7,0.0,0,13.0,27.0,3
Al Khmissat,33.81,-6.06,2026-09-28,21.2,18.9,2.0,25,14.8,29.5,61
Al Khmissat,33.81,-6.06,2026-09-29,29.6,16.9,0.0,3,14.3,30.2,45
Al Khmissat,33.81,-6.06,2026-09-30,31.8,19.3,0.0,0,15.9,34.2,3
Al Khmissat,33.81,-6.06,2026-10-01,31.4,19.4,0.0,0,17.3,32.8,3
Al Khmissat,33.81,-6.06,2026-10-02,32.9,18.6,0.0,3,13.5,32.4,3
Guelmim,28.9833,-10.0667,2026-09-26,33.1,17.6,0.0,0,21.2,38.2,3
Guelmim,28.9833,-10.0667,2026-09-27,31.6,19.5,0.0,10,17.2,30.6,3
Guelmim,28.9833,-10.0667,2026-09-28,31.5,20.0,0.0,14,19.7,34.9,3
Guelmim,28.9833,-10.0667,2026-09-29,33.6,18.3,0.0,2,22.7,40.0,3
Guelmim,28.9833,-10.0667,2026-09-30,34.0,17.9,0.0,0,23.9,43.6,0
Guelmim,28.9833,-10.0667,2026-10-01,36.6,18.3,0.0,2,17.8,36.0,0
Guelmim,28.9833,-10.0667,2026-10-02,36.3,23.5,0.0,1,23.1,42.8,3
Ksar El Kebir,35.0,-5.9,2026-09-26,35.3,17.7,0.0,0,12.3,23.4,3
Ksar El Kebir,35.0,-5.9,2026-09-27,29.2,20.3,0.0,3,13.6,25.9,3
Ksar El Kebir,35.0,-5.9,2026-09-28,23.0,20.8,2.2,20,13.5,25.2,61
Ksar El Kebir,35.0,-5.9,2026-09-29,29.8,17.9,0.0,1,15.4,28.8,45
Ksar El Kebir,35.0,-5.9,2026-09-30,31.3,18.8,0.0,0,15.8,31.0,45
Ksar El Kebir,35.0,-5.9,2026-10-01,31.3,20.1,0.0,0,14.8,27.7,45
Ksar El Kebir,35.0,-5.9,2026-10-02,33.5,21.0,0.0,0,5.4,13.3,3
Khénifra,32.93,-5.66,2026-09-26,35.4,18.0,0.0,0,15.7,29.2,3
Khénifra,32.93,-5.66,2026-09-27,28.9,20.1,0.0,10,11.7,22.3,3
Khénifra,32.93,-5.66,2026-09-28,24.4,18.0,0.9,43,10.1,21.6,80
Khénifra,32.93,-5.66,2026-09-29,30.6,15.8,0.0,21,17.7,33.8,3
Khénifra,32.93,-5.66,2026-09-30,31.7,16.7,0.0,0,14.2,35.3,3
Khénifra,32.93,-5.66,2026-10-01,33.1,18.5,0.0,3,13.7,37.1,3
Khénifra,32.93,-5.66,2026-10-02,31.6,21.6,0.0,17,14.1,31.0,3
Skhirate,33.85,-7.03,2026-09-26,26.1,18.6,0.0,0,10.2,24.1,45
Skhirate,33.85,-7.03,2026-09-27,25.4,20.4,0.0,3,14.0,31.7,3
Skhirate,33.85,-7.03,2026-09-28,24.2,20.9,0.4,20,10.9,24.1,61
Skhirate,33.85,-7.03,2026-09-29,26.2,17.4,0.0,0,13.3,29.9,2
Skhirate,33.85,-7.03,2026-09-30,25.8,19.1,0.0,0,14.5,33.8,3
Skhirate,33.85,-7.03,2026-10-01,24.8,20.8,0.0,0,14.9,29.9,3
Skhirate,33.85,-7.03,2026-10-02,26.2,20.7,0.0,0,9.4,22.0,3
Beni Yakhlef,33.6555,-7.3221,2026-09-26,29.7,17.3,0.0,0,15.1,28.1,45
Beni Yakhlef,33.6555,-7.3221,2026-09-27,28.5,19.9,0.0,3,16.6,31.0,3
Beni Yakhlef,33.6555,-7.3221,2026-09-28,25.0,20.0,0.30000000000000004,23,12.4,24.5,61
Beni Yakhlef,33.6555,-7.3221,2026-09-29,29.2,16.2,0.0,1,17.2,32.0,3
Beni Yakhlef,33.6555,-7.3221,2026-09-30,28.9,18.3,0.0,0,18.7,36.0,3
Beni Yakhlef,33.6555,-7.3221,2026-10-01,26.7,20.8,0.0,0,19.5,36.4,3
Beni Yakhlef,33.6555,-7.3221,2026-10-02,30.2,19.4,0.0,0,14.2,28.1,45
Sidi Yahya Zaer,33.7105,-6.8831,2026-09-26,32.5,17.8,0.0,0,15.1,31.3,3
Sidi Yahya Zaer,33.7105,-6.8831,2026-09-27,29.5,19.0,0.0,0,17.9,37.4,3
Sidi Yahya Zaer,33.7105,-6.8831,2026-09-28,23.1,19.5,0.8,20,12.6,27.4,61
Sidi Yahya Zaer,33.7105,-6.8831,2026-09-29,29.8,16.6,0.0,3,17.1,35.3,3
Sidi Yahya Zaer,33.7105,-6.8831,2026-09-30,31.2,18.6,0.0,0,18.2,36.7,3
Sidi Yahya Zaer,33.7105,-6.8831,2026-10-01,28.6,19.2,0.0,0,16.7,34.2,3
Sidi Yahya Zaer,33.7105,-6.8831,2026-10-02,32.5,19.2,0.0,0,9.4,25.6,3
Ben Guerir,32.23,-7.95,2026-09-26,34.2,21.2,0.0,0,18.3,36.7,3
Ben Guerir,32.23,-7.95,2026-09-27,31.0,19.8,0.0,0,13.2,26.3,3
Ben Guerir,32.23,-7.95,2026-09-28,23.9,19.2,3.0,28,12.2,26.3,61
Ben Guerir,32.23,-7.95,2026-09-29,31.2,18.2,0.0,1,14.2,29.2,2
Ben Guerir,32.23,-7.95,2026-09-30,33.2,21.5,0.0,0,18.3,36.4,2
Ben Guerir,32.23,-7.95,2026-10-01,33.7,20.9,0.0,0,16.3,30.2,3
Ben Guerir,32.23,-7.95,2026-10-02,34.2,24.0,0.6000000000000001,5,14.1,25.9,80
Ait Ali,30.1739,-9.4881,2026-09-26,26.6,20.5,0.0,0,18.7,31.7,45
Ait Ali,30.1739,-9.4881,2026-09-27,28.8,20.7,0.0,0,23.7,41.4,3
Ait Ali,30.1739,-9.4881,2026-09-28,28.9,20.6,0.1,5,20.9,36.7,61
Ait Ali,30.1739,-9.4881,2026-09-29,28.4,18.8,0.0,0,18.8,31.0,2
Ait Ali,30.1739,-9.4881,2026-09-30,27.0,18.9,0.0,0,18.0,30.2,1
Ait Ali,30.1739,-9.4881,2026-10-01,28.5,19.1,0.0,0,17.1,31.7,45
Ait Ali,30.1739,-9.4881,2026-10-02,33.6,21.3,0.0,0,18.0,32.0,3
My Drarga,30.3805,-9.4763,2026-09-26,26.5,20.1,0.0,0,13.6,30.6,45
My Drarga,30.3805,-9.4763,2026-09-27,28.5,19.8,0.0,0,12.5,27.4,3
My Drarga,30.3805,-9.4763,2026-09-28,28.6,20.9,0.0,10,14.4,31.0,3
My Drarga,30.3805,-9.4763,2026-09-29,28.5,18.7,0.0,0,13.7,31.0,45
My Drarga,30.3805,-9.4763,2026-09-30,27.4,19.3,0.0,0,13.8,30.6,2
My Drarga,30.3805,-9.4763,2026-10-01,32.1,19.4,0.0,0,12.4,26.3,45
My Drarga,30.3805,-9.4763,2026-10-02,38.7,23.9,0.0,0,16.2,37.4,3
Lqoliaa,30.2942,-9.4544,2026-09-26,27.2,20.2,0.0,0,18.5,40.0,45
Lqoliaa,30.2942,-9.4544,2026-09-27,29.4,19.8,0.0,0,24.5,51.1,45
Lqoliaa,30.2942,-9.4544,2026-09-28,30.0,20.5,0.2,5,16.3,38.2,3
Lqoliaa,30.2942,-9.4544,2026-09-29,29.2,17.7,0.0,0,18.0,39.6,2
Lqoliaa,30.2942,-9.4544,2026-09-30,27.9,18.4,0.0,0,18.2,40.0,1
Lqoliaa,30.2942,-9.4544,2026-10-01,27.8,18.8,0.0,0,16.1,37.8,45
Lqoliaa,30.2942,-9.4544,2026-10-02,37.2,20.4,0.0,0,10.8,25.9,3
El Kelaa des Srarhna,32.05,-7.4,2026-09-26,35.4,21.3,0.0,0,18.9,32.8,3
El Kelaa des Srarhna,32.05,-7.4,2026-09-27,30.7,21.6,0.0,3,11.8,20.9,3
El Kelaa des Srarhna,32.05,-7.4,2026-09-28,23.2,20.0,0.4,23,13.8,23.8,61
El Kelaa des Srarhna,32.05,-7.4,2026-09-29,31.8,18.4,0.0,0,16.6,28.8,2
El Kelaa des Srarhna,32.05,-7.4,2026-09-30,34.3,21.7,0.0,0,16.7,29.9,3
El Kelaa des Srarhna,32.05,-7.4,2026-10-01,34.2,21.7,0.0,0,10.2,22.7,3
El Kelaa des Srarhna,32.05,-7.4,2026-10-02,33.8,22.7,0.0,9,16.0,33.1,3
Moulay Abdallah,33.1978,-8.5883,2026-09-26,26.2,21.0,0.0,0,13.4,22.0,45
Moulay Abdallah,33.1978,-8.5883,2026-09-27,25.1,21.4,0.0,5,16.2,25.2,3
Moulay Abdallah,33.1978,-8.5883,2026-09-28,25.9,20.9,1.7000000000000002,13,14.5,22.7,61
Moulay Abdallah,33.1978,-8.5883,2026-09-29,28.5,18.6,0.0,0,15.2,24.5,3
Moulay Abdallah,33.1978,-8.5883,2026-09-30,27.1,20.6,0.0,0,21.0,33.1,2
Moulay Abdallah,33.1978,-8.5883,2026-10-01,26.5,21.9,0.0,0,26.1,47.2,3
Moulay Abdallah,33.1978,-8.5883,2026-10-02,27.0,21.7,0.0,0,18.2,39.2,45
Tiflet,33.9,-6.33,2026-09-26,34.4,19.5,0.0,0,13.9,28.1,3
Tiflet,33.9,-6.33,2026-09-27,29.9,19.4,0.0,0,14.8,30.6,3
Tiflet,33.9,-6.33,2026-09-28,22.0,19.3,2.3,20,13.2,28.8,61
Tiflet,33.9,-6.33,2026-09-29,29.5,17.3,0.0,3,15.0,31.3,45
Tiflet,33.9,-6.33,2026-09-30,31.5,19.6,0.0,0,15.0,31.3,3
Tiflet,33.9,-6.33,2026-10-01,31.2,19.6,0.0,0,16.6,33.5,3
Tiflet,33.9,-6.33,2026-10-02,33.3,20.4,0.0,0,11.5,24.8,3
Oulad Teïma,30.4,-9.21,2026-09-26,30.1,19.1,0.0,0,22.2,41.0,45
Oulad Teïma,30.4,-9.21,2026-09-27,31.2,19.6,0.0,0,27.7,52.9,45
Oulad Teïma,30.4,-9.21,2026-09-28,30.5,21.0,0.5,5,15.0,31.7,61
Oulad Teïma,30.4,-9.21,2026-09-29,32.9,17.5,0.0,0,21.1,39.2,2
Oulad Teïma,30.4,-9.21,2026-09-30,30.6,18.5,0.0,0,24.2,45.7,1
Oulad Teïma,30.4,-9.21,2026-10-01,30.5,18.6,0.0,0,25.3,43.2,2
Oulad Teïma,30.4,-9.21,2026-10-02,39.1,21.0,0.0,0,24.7,42.8,3
Berkane,34.9167,-2.3167,2026-09-26,27.0,17.5,0.0,0,12.4,26.6,3
Berkane,34.9167,-2.3167,2026-09-27,26.2,17.8,0.0,3,12.8,27.0,45
Berkane,34.9167,-2.3167,2026-09-28,24.4,19.5,0.4,18,10.5,41.0,80
Berkane,34.9167,-2.3167,2026-09-29,27.6,18.9,0.1,15,11.9,27.7,80
Berkane,34.9167,-2.3167,2026-09-30,27.9,19.0,0.0,0,11.0,26.6,45
Berkane,34.9167,-2.3167,2026-10-01,26.9,19.4,0.0,3,11.7,23.0,45
Berkane,34.9167,-2.3167,2026-10-02,26.9,20.5,0.0,3,12.8,24.5,45
Ain El Aouda,33.8111,-6.7922,2026-09-26,31.8,16.2,0.0,0,14.3,30.2,45
Ain El Aouda,33.8111,-6.7922,2026-09-27,28.6,18.6,0.0,0,17.7,36.0,3
Ain El Aouda,33.8111,-6.7922,2026-09-28,23.3,19.7,0.7000000000000001,20,13.0,26.6,61
Ain El Aouda,33.8111,-6.7922,2026-09-29,29.5,16.3,0.0,3,15.7,31.7,45
Ain El Aouda,33.8111,-6.7922,2026-09-30,30.9,17.8,0.0,0,16.6,33.5,3
Ain El Aouda,33.8111,-6.7922,2026-10-01,29.4,19.4,0.0,0,16.2,32.4,3
Ain El Aouda,33.8111,-6.7922,2026-10-02,33.1,19.6,0.0,3,10.9,23.8,3
Errachidia,31.9319,-4.4244,2026-09-26,32.7,22.1,0.0,0,13.0,25.2,3
Errachidia,31.9319,-4.4244,2026-09-27,30.3,23.0,0.1,8,11.9,25.6,3
Errachidia,31.9319,-4.4244,2026-09-28,24.7,20.9,0.4,13,14.9,29.2,61
Errachidia,31.9319,-4.4244,2026-09-29,27.4,19.9,0.1,5,10.4,22.3,3
Errachidia,31.9319,-4.4244,2026-09-30,29.4,18.4,0.0,0,9.4,22.7,3
Errachidia,31.9319,-4.4244,2026-10-01,29.7,19.3,0.0,9,12.6,23.0,2
Errachidia,31.9319,-4.4244,2026-10-02,29.4,19.5,0.0,14,10.5,19.4,3
Al Fqih Ben Çalah,32.507,-6.6886,2026-09-26,38.6,18.6,0.0,0,13.1,25.2,3
Al Fqih Ben Çalah,32.507,-6.6886,2026-09-27,31.4,19.9,0.0,8,10.8,20.9,3
Al Fqih Ben Çalah,32.507,-6.6886,2026-09-28,23.8,19.6,0.8,20,15.2,29.9,61
Al Fqih Ben Çalah,32.507,-6.6886,2026-09-29,33.3,17.6,0.0,3,13.4,27.4,2
Al Fqih Ben Çalah,32.507,-6.6886,2026-09-30,35.8,20.8,0.0,0,12.0,30.2,2
Al Fqih Ben Çalah,32.507,-6.6886,2026-10-01,35.7,20.4,0.30000000000000004,0,11.4,24.1,3
Al Fqih Ben Çalah,32.507,-6.6886,2026-10-02,34.9,21.7,0.0,8,9.4,22.0,3
Ad Darwa,33.4167,-7.5333,2026-09-26,32.1,18.1,0.0,0,14.9,29.2,45
Ad Darwa,33.4167,-7.5333,2026-09-27,29.1,19.1,0.0,0,14.8,29.5,3
Ad Darwa,33.4167,-7.5333,2026-09-28,25.2,20.0,0.7000000000000001,23,11.6,25.9,61
Ad Darwa,33.4167,-7.5333,2026-09-29,30.7,16.8,0.0,0,15.4,30.2,3
Ad Darwa,33.4167,-7.5333,2026-09-30,30.1,18.6,0.0,0,18.4,36.0,3
Ad Darwa,33.4167,-7.5333,2026-10-01,29.1,20.2,0.0,0,20.9,40.3,3
Ad Darwa,33.4167,-7.5333,2026-10-02,34.2,19.4,0.0,3,12.4,30.6,3
Martil,35.61,-5.27,2026-09-26,24.7,19.2,0.0,0,15.7,35.6,45
Martil,35.61,-5.27,2026-09-27,25.2,21.4,0.0,0,13.2,29.9,3
Martil,35.61,-5.27,2026-09-28,22.5,20.0,4.4,28,9.0,23.8,61
Martil,35.61,-5.27,2026-09-29,24.2,19.4,0.0,3,10.5,25.9,45
Martil,35.61,-5.27,2026-09-30,25.3,19.4,0.0,0,8.9,21.2,45
Martil,35.61,-5.27,2026-10-01,24.2,20.4,0.0,0,12.8,22.3,45
Martil,35.61,-5.27,2026-10-02,24.7,21.7,0.0,2,19.1,32.0,3
Sidi Slimane,34.26,-5.93,2026-09-26,36.5,17.6,0.0,0,16.5,35.3,45
Sidi Slimane,34.26,-5.93,2026-09-27,30.4,19.3,0.0,0,14.3,31.7,45
Sidi Slimane,34.26,-5.93,2026-09-28,23.3,20.4,1.7000000000000002,18,10.7,23.4,80
Sidi Slimane,34.26,-5.93,2026-09-29,31.0,17.5,0.0,1,13.5,28.4,45
Sidi Slimane,34.26,-5.93,2026-09-30,33.0,17.9,0.0,0,13.9,32.0,3
Sidi Slimane,34.26,-5.93,2026-10-01,32.3,19.9,0.0,0,14.8,28.8,3
Sidi Slimane,34.26,-5.93,2026-10-02,35.4,19.9,0.0,0,11.8,24.1,3
Oued Zem,32.8619,-6.5711,2026-09-26,35.5,22.1,0.0,0,19.3,37.8,3
Oued Zem,32.8619,-6.5711,2026-09-27,29.8,19.1,0.0,5,15.0,28.4,3
Oued Zem,32.8619,-6.5711,2026-09-28,22.1,18.6,2.4,25,12.7,30.2,61
Oued Zem,32.8619,-6.5711,2026-09-29,30.1,16.9,0.0,3,15.9,33.8,61
Oued Zem,32.8619,-6.5711,2026-09-30,32.4,19.6,0.0,0,17.5,37.8,2
Oued Zem,32.8619,-6.5711,2026-10-01,31.6,20.8,0.30000000000000004,0,11.8,29.5,3
Oued Zem,32.8619,-6.5711,2026-10-02,30.9,21.0,0.30000000000000004,8,9.7,18.7,3
Sefrou,33.83,-4.83,2026-09-26,33.7,23.3,0.0,0,15.1,34.9,3
Sefrou,33.83,-4.83,2026-09-27,28.1,21.1,0.1,23,12.9,29.2,3
Sefrou,33.83,-4.83,2026-09-28,21.0,18.2,1.1,58,11.5,26.6,80
Sefrou,33.83,-4.83,2026-09-29,27.2,18.1,0.1,29,15.5,37.4,61
Sefrou,33.83,-4.83,2026-09-30,29.8,19.2,0.0,0,15.6,34.6,3
Sefrou,33.83,-4.83,2026-10-01,30.9,20.9,0.0,7,16.3,32.0,3
Sefrou,33.83,-4.83,2026-10-02,30.3,19.4,0.0,22,11.9,23.8,3
Taroudannt,30.4711,-8.8778,2026-09-26,31.2,19.9,0.0,0,20.9,40.0,45
Taroudannt,30.4711,-8.8778,2026-09-27,31.9,18.6,0.0,3,21.5,42.5,45
Taroudannt,30.4711,-8.8778,2026-09-28,30.0,20.5,1.2,15,15.5,32.0,61
Taroudannt,30.4711,-8.8778,2026-09-29,34.5,19.1,0.0,0,22.2,41.8,3
Taroudannt,30.4711,-8.8778,2026-09-30,33.3,21.0,0.0,0,23.0,46.8,2
Taroudannt,30.4711,-8.8778,2026-10-01,37.9,20.6,0.0,0,22.4,39.6,2
Taroudannt,30.4711,-8.8778,2026-10-02,37.9,22.3,0.0,0,23.8,42.8,3
Essaouira,31.513,-9.7687,2026-09-26,23.3,19.7,0.0,0,13.1,23.4,45
Essaouira,31.513,-9.7687,2026-09-27,24.2,19.3,0.0,3,13.0,24.1,45
Essaouira,31.513,-9.7687,2026-09-28,26.5,20.0,0.5,5,10.8,22.0,61
Essaouira,31.513,-9.7687,2026-09-29,24.9,18.2,0.0,0,9.8,19.8,3
Essaouira,31.513,-9.7687,2026-09-30,24.2,17.8,0.0,0,16.9,32.8,2
Essaouira,31.513,-9.7687,2026-10-01,28.6,18.5,0.0,0,15.0,28.8,45
Essaouira,31.513,-9.7687,2026-10-02,29.3,19.8,0.0,0,11.4,24.5,3
Azrou,33.4344,-5.2213,2026-09-26,30.2,19.7,0.0,0,17.7,36.7,3
Azrou,33.4344,-5.2213,2026-09-27,26.3,17.4,0.1,13,10.9,28.4,3
Azrou,33.4344,-5.2213,2026-09-28,19.8,14.8,2.0,85,8.6,32.8,80
Azrou,33.4344,-5.2213,2026-09-29,25.7,13.8,0.1,47,13.5,49.7,80
Azrou,33.4344,-5.2213,2026-09-30,26.2,16.2,0.0,18,18.0,42.1,2
Azrou,33.4344,-5.2213,2026-10-01,27.1,17.3,9.9,32,15.3,43.6,61
Azrou,33.4344,-5.2213,2026-10-02,25.4,18.6,1.2,52,10.1,36.4,3
Guercif,34.23,-3.36,2026-09-26,35.0,15.4,0.0,0,24.7,46.1,3
Guercif,34.23,-3.36,2026-09-27,32.3,17.2,0.1,10,18.5,35.6,3
Guercif,34.23,-3.36,2026-09-28,26.6,19.9,0.1,32,17.4,33.5,3
Guercif,34.23,-3.36,2026-09-29,34.9,19.3,0.0,19,28.0,55.1,3
Guercif,34.23,-3.36,2026-09-30,34.7,18.7,0.0,0,23.1,51.1,45
Guercif,34.23,-3.36,2026-10-01,32.9,18.8,0.0,0,26.0,47.5,3
Guercif,34.23,-3.36,2026-10-02,31.8,18.9,0.0,5,28.4,50.4,45
Warzat,30.9167,-6.9167000000000005,2026-09-26,32.4,20.3,0.0,0,23.1,39.2,3
Warzat,30.9167,-6.9167000000000005,2026-09-27,31.3,21.5,0.0,0,17.3,32.4,3
Warzat,30.9167,-6.9167000000000005,2026-09-28,24.1,19.2,1.2,30,16.7,28.8,80
Warzat,30.9167,-6.9167000000000005,2026-09-29,26.3,17.5,0.5,3,9.7,18.7,80
Warzat,30.9167,-6.9167000000000005,2026-09-30,30.0,19.9,0.0,0,14.3,25.6,3
Warzat,30.9167,-6.9167000000000005,2026-10-01,29.7,21.8,0.0,0,13.6,29.2,3
Warzat,30.9167,-6.9167000000000005,2026-10-02,29.0,19.1,0.6000000000000001,5,13.6,28.1,3
Fnidq,35.8414,-5.3587,2026-09-26,24.1,18.6,0.0,0,19.5,37.1,45
Fnidq,35.8414,-5.3587,2026-09-27,25.2,21.3,0.1,0,15.1,29.5,3
Fnidq,35.8414,-5.3587,2026-09-28,22.3,19.6,2.9,28,10.5,20.5,61
Fnidq,35.8414,-5.3587,2026-09-29,24.5,19.2,0.0,3,12.5,24.5,45
Fnidq,35.8414,-5.3587,2026-09-30,26.0,19.4,0.0,0,7.0,14.4,45
Fnidq,35.8414,-5.3587,2026-10-01,24.1,20.4,0.0,0,12.8,22.3,3
Fnidq,35.8414,-5.3587,2026-10-02,24.6,21.7,0.0,2,19.1,32.0,3
Tan-Tan,28.4333,-11.1,2026-09-26,27.0,19.8,0.0,0,18.7,36.7,3
Tan-Tan,28.4333,-11.1,2026-09-27,26.8,20.4,0.0,27,21.9,38.9,3
Tan-Tan,28.4333,-11.1,2026-09-28,31.3,20.1,0.0,23,21.2,39.6,3
Tan-Tan,28.4333,-11.1,2026-09-29,31.5,17.7,0.0,0,18.2,35.3,3
Tan-Tan,28.4333,-11.1,2026-09-30,28.8,18.4,0.0,0,21.5,42.5,1
Tan-Tan,28.4333,-11.1,2026-10-01,28.9,20.2,0.0,0,23.5,44.6,3
Tan-Tan,28.4333,-11.1,2026-10-02,39.1,18.7,0.0,8,21.9,45.0,0
Sidi Qacem,34.21,-5.7,2026-09-26,37.4,19.2,0.0,0,14.0,28.8,3
Sidi Qacem,34.21,-5.7,2026-09-27,30.7,20.3,0.0,0,14.5,30.6,3
Sidi Qacem,34.21,-5.7,2026-09-28,23.2,20.8,2.7,23,10.0,22.3,61
Sidi Qacem,34.21,-5.7,2026-09-29,30.5,18.7,0.0,1,12.2,26.3,45
Sidi Qacem,34.21,-5.7,2026-09-30,32.8,19.6,0.0,0,13.5,31.3,3
Sidi Qacem,34.21,-5.7,2026-10-01,33.1,20.5,0.0,0,15.7,32.4,3
Sidi Qacem,34.21,-5.7,2026-10-02,35.2,21.0,0.0,8,10.1,23.0,3
Youssoufia,32.25,-8.53,2026-09-26,32.1,18.5,0.0,0,18.4,38.9,45
Youssoufia,32.25,-8.53,2026-09-27,30.4,18.0,0.0,3,15.3,33.5,45
Youssoufia,32.25,-8.53,2026-09-28,26.0,19.7,2.3,13,15.1,34.2,61
Youssoufia,32.25,-8.53,2026-09-29,31.9,17.7,0.0,0,16.2,33.1,3
Youssoufia,32.25,-8.53,2026-09-30,33.2,20.0,0.0,0,17.2,40.3,2
Youssoufia,32.25,-8.53,2026-10-01,33.6,18.6,0.0,0,20.1,37.4,3
Youssoufia,32.25,-8.53,2026-10-02,34.9,22.0,0.30000000000000004,5,10.9,23.0,3
Midalt,32.68,-4.74,2026-09-26,29.5,14.1,0.0,0,9.7,19.1,3
Midalt,32.68,-4.74,2026-09-27,27.2,16.2,0.0,13,16.8,33.8,3
Midalt,32.68,-4.74,2026-09-28,22.3,15.5,0.6000000000000001,43,18.0,36.0,61
Midalt,32.68,-4.74,2026-09-29,25.5,13.2,0.0,13,21.6,38.2,3
Midalt,32.68,-4.74,2026-09-30,27.7,13.9,0.0,4,9.7,22.0,3
Midalt,32.68,-4.74,2026-10-01,28.3,14.8,0.7000000000000001,12,12.8,22.7,80
Midalt,32.68,-4.74,2026-10-02,26.8,16.9,0.2,29,14.9,30.6,3
Aïn Harrouda,33.6372,-7.4483,2026-09-26,28.5,19.0,0.0,0,11.2,30.2,45
Aïn Harrouda,33.6372,-7.4483,2026-09-27,27.3,20.2,0.0,3,14.0,36.0,3
Aïn Harrouda,33.6372,-7.4483,2026-09-28,25.8,21.0,0.2,25,8.5,23.8,61
Aïn Harrouda,33.6372,-7.4483,2026-09-29,28.3,16.9,0.0,0,12.3,33.5,3
Aïn Harrouda,33.6372,-7.4483,2026-09-30,27.4,19.3,0.0,0,13.4,36.7,3
Aïn Harrouda,33.6372,-7.4483,2026-10-01,25.6,21.3,0.0,0,15.5,34.9,3
Aïn Harrouda,33.6372,-7.4483,2026-10-02,28.7,20.9,0.0,0,11.0,27.0,45
Souq Sebt Oulad Nemma,32.3,-6.7,2026-09-26,38.6,18.8,0.0,0,17.5,32.0,3
Souq Sebt Oulad Nemma,32.3,-6.7,2026-09-27,31.1,21.5,0.0,10,16.8,28.8,3
Souq Sebt Oulad Nemma,32.3,-6.7,2026-09-28,25.0,20.5,0.6000000000000001,18,17.3,32.0,61
Souq Sebt Oulad Nemma,32.3,-6.7,2026-09-29,33.5,18.3,0.0,1,13.2,23.4,2
Souq Sebt Oulad Nemma,32.3,-6.7,2026-09-30,36.3,20.5,0.0,0,13.5,23.8,2
Souq Sebt Oulad Nemma,32.3,-6.7,2026-10-01,35.8,21.1,0.6000000000000001,0,12.8,22.3,80
Souq Sebt Oulad Nemma,32.3,-6.7,2026-10-02,34.8,22.3,0.6000000000000001,8,10.6,23.0,3
Mehdya,34.2557,-6.6745,2026-09-26,28.6,18.1,0.0,0,12.8,26.3,45
Mehdya,34.2557,-6.6745,2026-09-27,26.0,20.3,0.0,3,16.5,36.0,3
Mehdya,34.2557,-6.6745,2026-09-28,23.9,20.4,0.1,20,10.4,23.8,3
Mehdya,34.2557,-6.6745,2026-09-29,28.2,17.2,0.0,0,12.0,27.7,3
Mehdya,34.2557,-6.6745,2026-09-30,28.4,17.5,0.0,0,14.8,33.5,3
Mehdya,34.2557,-6.6745,2026-10-01,27.5,19.7,0.0,0,14.8,33.1,45
Mehdya,34.2557,-6.6745,2026-10-02,29.2,19.1,0.0,0,11.2,28.8,45
Ouezzane,34.8,-5.6,2026-09-26,36.4,18.3,0.0,0,11.9,25.2,3
Ouezzane,34.8,-5.6,2026-09-27,29.1,18.1,0.0,3,14.2,28.1,3
Ouezzane,34.8,-5.6,2026-09-28,21.7,19.3,3.1,23,7.6,20.2,61
Ouezzane,34.8,-5.6,2026-09-29,29.4,16.8,0.0,3,14.8,28.1,2
Ouezzane,34.8,-5.6,2026-09-30,31.4,17.8,0.0,0,16.6,33.1,3
Ouezzane,34.8,-5.6,2026-10-01,31.8,19.6,0.0,0,14.8,30.6,45
Ouezzane,34.8,-5.6,2026-10-02,32.4,19.6,0.9,8,7.6,21.2,80
Semara,26.7394,-11.6703,2026-09-26,34.4,22.1,0.0,6,23.9,40.0,3
Semara,26.7394,-11.6703,2026-09-27,31.8,22.6,1.4,22,23.6,38.5,55
Semara,26.7394,-11.6703,2026-09-28,32.9,22.2,0.7000000000000001,19,20.7,32.4,53
Semara,26.7394,-11.6703,2026-09-29,36.2,21.3,0.0,1,22.4,38.5,1
Semara,26.7394,-11.6703,2026-09-30,37.5,22.7,0.0,0,23.0,48.2,1
Semara,26.7394,-11.6703,2026-10-01,39.1,21.5,0.0,0,26.8,49.0,0
Semara,26.7394,-11.6703,2026-10-02,39.2,24.7,0.0,12,18.6,46.4,0
Ait Ourir,31.5644,-7.6628,2026-09-26,32.3,21.9,0.0,0,16.0,31.3,3
Ait Ourir,31.5644,-7.6628,2026-09-27,28.4,20.5,0.0,3,8.7,17.3,3
Ait Ourir,31.5644,-7.6628,2026-09-28,22.3,18.6,1.6,33,11.9,22.3,61
Ait Ourir,31.5644,-7.6628,2026-09-29,30.0,17.6,0.0,1,10.8,21.2,2
Ait Ourir,31.5644,-7.6628,2026-09-30,32.3,20.3,0.0,0,8.6,17.6,2
Ait Ourir,31.5644,-7.6628,2026-10-01,33.4,20.8,0.0,0,11.6,23.8,3
Ait Ourir,31.5644,-7.6628,2026-10-02,30.9,22.1,0.0,3,22.4,40.3,3
Oulad Tayeb,33.9598,-4.9954,2026-09-26,37.0,20.9,0.0,0,14.0,28.4,3
Oulad Tayeb,33.9598,-4.9954,2026-09-27,30.5,21.2,0.1,13,13.3,24.8,3
Oulad Tayeb,33.9598,-4.9954,2026-09-28,23.0,19.3,1.3,44,11.8,25.6,80
Oulad Tayeb,33.9598,-4.9954,2026-09-29,30.3,18.0,0.1,22,14.3,28.8,61
Oulad Tayeb,33.9598,-4.9954,2026-09-30,32.2,19.5,0.0,0,15.8,32.4,3
Oulad Tayeb,33.9598,-4.9954,2026-10-01,32.6,22.1,0.0,0,13.0,32.0,3
Oulad Tayeb,33.9598,-4.9954,2026-10-02,32.6,22.5,0.0,5,8.1,23.4,3
Tit Mellil,33.5533,-7.4822,2026-09-26,29.1,18.6,0.0,0,11.5,31.3,45
Tit Mellil,33.5533,-7.4822,2026-09-27,27.7,19.7,0.0,3,13.0,34.2,3
Tit Mellil,33.5533,-7.4822,2026-09-28,25.0,20.6,0.5,23,9.4,27.0,61
Tit Mellil,33.5533,-7.4822,2026-09-29,28.4,17.1,0.0,0,12.8,34.2,3
Tit Mellil,33.5533,-7.4822,2026-09-30,27.7,19.3,0.0,0,13.7,38.2,3
Tit Mellil,33.5533,-7.4822,2026-10-01,25.8,20.8,0.0,0,15.0,37.8,3
Tit Mellil,33.5533,-7.4822,2026-10-02,29.2,20.3,0.0,3,10.9,30.2,45
Sidi Bennour,32.655,-8.4292,2026-09-26,32.3,17.3,0.0,0,18.4,31.7,45
Sidi Bennour,32.655,-8.4292,2026-09-27,30.2,19.0,0.0,0,16.3,28.4,45
Sidi Bennour,32.655,-8.4292,2026-09-28,26.0,20.1,4.7,25,11.4,21.6,61
Sidi Bennour,32.655,-8.4292,2026-09-29,32.0,16.3,0.0,0,18.2,31.7,2
Sidi Bennour,32.655,-8.4292,2026-09-30,32.9,18.7,0.0,0,19.9,36.7,2
Sidi Bennour,32.655,-8.4292,2026-10-01,32.0,18.9,0.0,0,22.8,42.8,2
Sidi Bennour,32.655,-8.4292,2026-10-02,34.4,19.5,0.30000000000000004,3,9.4,17.6,3
Temsia,30.3633,-9.4144,2026-09-26,27.5,20.1,0.0,0,18.2,38.5,45
Temsia,30.3633,-9.4144,2026-09-27,29.7,19.7,0.0,0,15.0,33.1,45
Temsia,30.3633,-9.4144,2026-09-28,30.3,20.6,0.0,5,14.0,34.9,3
Temsia,30.3633,-9.4144,2026-09-29,30.1,18.2,0.0,0,17.5,38.5,2
Temsia,30.3633,-9.4144,2026-09-30,28.7,18.7,0.0,0,17.2,40.0,1
Temsia,30.3633,-9.4144,2026-10-01,31.0,19.0,0.0,0,25.3,43.2,45
Temsia,30.3633,-9.4144,2026-10-02,39.6,21.5,0.0,0,24.7,42.8,3
Biougra,30.2144,-9.3708,2026-09-26,28.5,20.4,0.0,0,20.4,33.8,3
Biougra,30.2144,-9.3708,2026-09-27,30.4,20.3,0.0,0,27.8,45.7,3
Biougra,30.2144,-9.3708,2026-09-28,29.9,21.1,0.1,5,20.8,37.4,3
Biougra,30.2144,-9.3708,2026-09-29,30.4,19.4,0.0,0,21.1,34.9,3
Biougra,30.2144,-9.3708,2026-09-30,29.0,19.3,0.0,0,20.6,33.8,0
Biougra,30.2144,-9.3708,2026-10-01,29.2,19.3,0.0,0,21.1,37.4,2
Biougra,30.2144,-9.3708,2026-10-02,37.7,20.2,0.0,0,15.5,29.2,3
Al Hoceïma,35.2472,-3.9322,2026-09-26,26.8,17.4,0.0,0,11.7,21.6,45
Al Hoceïma,35.2472,-3.9322,2026-09-27,26.8,19.1,0.0,5,11.1,20.9,45
Al Hoceïma,35.2472,-3.9322,2026-09-28,24.3,21.4,1.8,40,9.3,17.6,61
Al Hoceïma,35.2472,-3.9322,2026-09-29,25.5,20.5,0.30000000000000004,29,12.2,23.4,61
Al Hoceïma,35.2472,-3.9322,2026-09-30,25.9,20.2,0.0,0,11.3,23.0,45
Al Hoceïma,35.2472,-3.9322,2026-10-01,25.9,20.7,0.0,3,9.1,17.0,45
Al Hoceïma,35.2472,-3.9322,2026-10-02,26.9,21.4,0.0,8,12.7,25.9,45
Qasbat Tadla,32.6,-6.26,2026-09-26,38.3,18.7,0.0,0,10.7,21.2,3
Qasbat Tadla,32.6,-6.26,2026-09-27,30.8,20.9,0.0,5,14.3,27.7,3
Qasbat Tadla,32.6,-6.26,2026-09-28,25.0,19.7,0.2,18,10.7,19.4,61
Qasbat Tadla,32.6,-6.26,2026-09-29,33.1,17.8,0.0,6,13.7,26.6,2
Qasbat Tadla,32.6,-6.26,2026-09-30,35.2,19.3,0.0,0,13.3,29.9,2
Qasbat Tadla,32.6,-6.26,2026-10-01,35.1,20.3,1.2,8,11.8,22.0,3
Qasbat Tadla,32.6,-6.26,2026-10-02,33.9,18.8,0.0,17,11.1,20.9,3
Aziylal,31.96,-6.5600000000000005,2026-09-26,30.2,19.4,0.0,0,18.6,40.3,3
Aziylal,31.96,-6.5600000000000005,2026-09-27,23.5,17.6,0.9,23,11.9,25.9,80
Aziylal,31.96,-6.5600000000000005,2026-09-28,19.7,15.3,1.3,65,10.0,29.9,80
Aziylal,31.96,-6.5600000000000005,2026-09-29,24.4,14.6,0.1,10,15.3,36.0,3
Aziylal,31.96,-6.5600000000000005,2026-09-30,27.0,16.9,0.0,9,16.8,36.7,3
Aziylal,31.96,-6.5600000000000005,2026-10-01,27.9,17.8,2.1,9,18.8,37.4,80
Aziylal,31.96,-6.5600000000000005,2026-10-02,25.7,17.9,3.9,27,10.0,25.9,80
Boujad,32.7741,-6.3925,2026-09-26,36.2,20.6,0.0,0,15.9,28.4,3
Boujad,32.7741,-6.3925,2026-09-27,29.4,19.3,0.0,5,8.2,15.8,3
Boujad,32.7741,-6.3925,2026-09-28,23.0,18.6,0.6000000000000001,28,6.3,21.2,61
Boujad,32.7741,-6.3925,2026-09-29,30.8,16.8,0.0,13,14.2,29.9,45
Boujad,32.7741,-6.3925,2026-09-30,33.4,19.3,0.0,0,19.4,38.2,2
Boujad,32.7741,-6.3925,2026-10-01,32.8,20.8,0.30000000000000004,0,12.0,26.6,3
Boujad,32.7741,-6.3925,2026-10-02,31.0,21.1,0.0,8,7.8,21.2,3
Al Aaroui,35.0104,-3.0073,2026-09-26,27.2,15.5,0.0,0,20.6,37.4,45
Al Aaroui,35.0104,-3.0073,2026-09-27,26.3,18.8,0.0,3,21.1,37.1,45
Al Aaroui,35.0104,-3.0073,2026-09-28,25.3,20.2,0.30000000000000004,28,13.2,23.8,45
Al Aaroui,35.0104,-3.0073,2026-09-29,27.5,19.8,0.0,26,16.9,30.2,45
Al Aaroui,35.0104,-3.0073,2026-09-30,28.5,18.8,0.0,0,14.3,26.6,45
Al Aaroui,35.0104,-3.0073,2026-10-01,28.8,18.7,0.0,3,13.6,29.2,45
Al Aaroui,35.0104,-3.0073,2026-10-02,27.5,19.2,0.0,3,18.2,37.8,45
Mrirt,33.1654,-5.5634,2026-09-26,34.0,18.3,0.0,0,20.3,39.2,3
Mrirt,33.1654,-5.5634,2026-09-27,29.3,19.6,0.30000000000000004,8,13.8,28.8,3
Mrirt,33.1654,-5.5634,2026-09-28,21.6,16.3,1.6,65,16.5,33.1,80
Mrirt,33.1654,-5.5634,2026-09-29,29.4,14.5,0.1,21,18.8,42.5,45
Mrirt,33.1654,-5.5634,2026-09-30,29.8,15.7,0.0,3,17.5,40.0,2
Mrirt,33.1654,-5.5634,2026-10-01,30.9,16.7,0.0,18,12.2,31.0,3
Mrirt,33.1654,-5.5634,2026-10-02,29.7,17.4,0.30000000000000004,32,8.4,20.9,3
Tineghir,31.5147,-5.5328,2026-09-26,31.3,21.1,0.0,0,17.4,25.6,3
Tineghir,31.5147,-5.5328,2026-09-27,29.2,22.0,0.2,8,14.4,22.7,3
Tineghir,31.5147,-5.5328,2026-09-28,23.1,19.7,0.1,25,21.5,33.1,61
Tineghir,31.5147,-5.5328,2026-09-29,25.9,18.1,0.1,13,13.8,22.3,3
Tineghir,31.5147,-5.5328,2026-09-30,28.3,19.4,0.0,3,16.9,25.9,3
Tineghir,31.5147,-5.5328,2026-10-01,28.4,19.4,0.0,5,19.0,28.4,3
Tineghir,31.5147,-5.5328,2026-10-02,27.9,19.1,0.0,12,15.6,24.5,3
Bouknadel,34.1766,-6.6893,2026-09-26,26.9,19.0,0.0,0,16.0,26.3,45
Bouknadel,34.1766,-6.6893,2026-09-27,25.0,20.5,0.0,3,21.4,36.0,3
Bouknadel,34.1766,-6.6893,2026-09-28,23.7,20.7,0.2,20,11.8,20.9,61
Bouknadel,34.1766,-6.6893,2026-09-29,26.7,17.9,0.0,0,13.2,23.0,3
Bouknadel,34.1766,-6.6893,2026-09-30,26.7,18.8,0.0,0,17.7,31.3,3
Bouknadel,34.1766,-6.6893,2026-10-01,27.4,20.4,0.0,0,14.8,33.1,45
Bouknadel,34.1766,-6.6893,2026-10-02,29.2,19.1,0.0,0,11.2,28.8,45
Cabo Bojador,26.1269,-14.4992,2026-09-26,24.8,21.1,0.0,6,37.2,59.8,3
Cabo Bojador,26.1269,-14.4992,2026-09-27,26.8,21.5,0.5,25,33.0,51.1,53
Cabo Bojador,26.1269,-14.4992,2026-09-28,28.2,21.6,0.0,13,28.8,47.9,3
Cabo Bojador,26.1269,-14.4992,2026-09-29,28.5,21.3,0.0,0,24.6,43.6,0
Cabo Bojador,26.1269,-14.4992,2026-09-30,27.8,21.2,0.0,0,26.5,48.6,0
Cabo Bojador,26.1269,-14.4992,2026-10-01,25.6,20.3,0.0,2,30.5,54.7,0
Cabo Bojador,26.1269,-14.4992,2026-10-02,26.8,20.8,0.0,1,29.4,51.1,3
Zagora,30.3316,-5.8376,2026-09-26,35.7,26.1,0.0,0,24.0,39.2,3
Zagora,30.3316,-5.8376,2026-09-27,35.2,26.1,0.0,0,21.1,33.8,3
Zagora,30.3316,-5.8376,2026-09-28,29.8,23.6,0.0,13,26.8,46.1,3
Zagora,30.3316,-5.8376,2026-09-29,30.9,21.8,0.1,5,6.4,19.4,3
Zagora,30.3316,-5.8376,2026-09-30,33.2,23.8,0.0,0,9.5,18.0,3
Zagora,30.3316,-5.8376,2026-10-01,33.0,24.6,0.0,0,16.4,27.4,3
Zagora,30.3316,-5.8376,2026-10-02,32.3,23.7,0.0,0,16.6,26.3,3
Azemmour,33.2833,-8.3333,2026-09-26,26.7,19.5,0.0,0,12.5,23.0,45
Azemmour,33.2833,-8.3333,2026-09-27,25.5,21.0,0.0,3,16.8,30.2,3
Azemmour,33.2833,-8.3333,2026-09-28,25.7,20.1,2.4,20,12.3,24.5,61
Azemmour,33.2833,-8.3333,2026-09-29,28.4,16.6,0.0,0,14.6,26.6,45
Azemmour,33.2833,-8.3333,2026-09-30,26.9,18.5,0.0,0,18.8,34.9,2
Azemmour,33.2833,-8.3333,2026-10-01,26.3,21.4,0.0,0,24.9,46.1,3
Azemmour,33.2833,-8.3333,2026-10-02,26.6,21.8,0.30000000000000004,0,17.2,46.8,45
El Hajeb,33.6928,-5.3711,2026-09-26,33.6,21.6,0.0,0,17.1,36.7,3
El Hajeb,33.6928,-5.3711,2026-09-27,27.9,20.0,0.0,8,14.8,31.7,3
El Hajeb,33.6928,-5.3711,2026-09-28,20.5,17.1,1.8,53,15.6,39.6,80
El Hajeb,33.6928,-5.3711,2026-09-29,27.2,16.5,0.6000000000000001,21,14.5,42.5,3
El Hajeb,33.6928,-5.3711,2026-09-30,29.4,17.5,0.0,8,16.4,33.5,3
El Hajeb,33.6928,-5.3711,2026-10-01,30.3,19.0,0.6000000000000001,3,17.2,33.5,80
El Hajeb,33.6928,-5.3711,2026-10-02,30.3,18.9,0.30000000000000004,22,11.0,28.4,80
Jerada,34.31,-2.16,2026-09-26,30.8,17.1,0.0,0,21.8,58.0,3
Jerada,34.31,-2.16,2026-09-27,31.5,18.9,0.0,5,18.3,34.2,3
Jerada,34.31,-2.16,2026-09-28,25.7,19.2,0.7000000000000001,28,20.0,42.8,61
Jerada,34.31,-2.16,2026-09-29,28.8,18.9,0.0,20,28.5,54.7,3
Jerada,34.31,-2.16,2026-09-30,29.6,17.5,0.0,0,19.1,39.6,3
Jerada,34.31,-2.16,2026-10-01,30.8,17.8,0.0,0,16.9,34.9,3
Jerada,34.31,-2.16,2026-10-02,29.9,17.3,0.0,14,16.8,29.5,3
El Aïoun,34.5726,-2.5127,2026-09-26,33.9,13.6,0.0,0,21.3,36.0,3
El Aïoun,34.5726,-2.5127,2026-09-27,31.6,16.0,0.0,3,15.6,27.0,3
El Aïoun,34.5726,-2.5127,2026-09-28,26.6,18.9,0.4,15,14.7,35.6,61
El Aïoun,34.5726,-2.5127,2026-09-29,32.5,18.8,0.0,18,20.7,42.1,45
El Aïoun,34.5726,-2.5127,2026-09-30,32.7,16.5,0.0,0,19.6,32.8,45
El Aïoun,34.5726,-2.5127,2026-10-01,29.8,17.3,0.0,2,15.6,26.6,3
El Aïoun,34.5726,-2.5127,2026-10-02,30.4,17.4,0.0,14,17.5,30.2,45
Tameslouht,31.5,-8.1,2026-09-26,32.9,22.9,0.0,0,20.8,33.8,3
Tameslouht,31.5,-8.1,2026-09-27,30.3,21.5,0.0,3,16.2,25.9,3
Tameslouht,31.5,-8.1,2026-09-28,24.0,19.5,1.3,33,15.9,26.6,61
Tameslouht,31.5,-8.1,2026-09-29,31.0,18.7,0.0,0,13.7,23.0,2
Tameslouht,31.5,-8.1,2026-09-30,33.2,21.7,0.0,0,11.3,19.8,3
Tameslouht,31.5,-8.1,2026-10-01,34.2,21.6,0.30000000000000004,0,11.6,25.2,80
Tameslouht,31.5,-8.1,2026-10-02,33.8,23.9,0.0,3,9.9,17.6,3
Sidi Yahia El Gharb,34.3058,-6.3058,2026-09-26,33.3,16.9,0.0,0,15.4,27.7,45
Sidi Yahia El Gharb,34.3058,-6.3058,2026-09-27,28.3,18.9,0.0,3,15.8,28.8,3
Sidi Yahia El Gharb,34.3058,-6.3058,2026-09-28,23.1,20.2,2.4,18,9.5,19.1,61
Sidi Yahia El Gharb,34.3058,-6.3058,2026-09-29,30.0,16.5,0.0,4,15.6,28.1,45
Sidi Yahia El Gharb,34.3058,-6.3058,2026-09-30,30.5,16.6,0.0,0,16.7,32.4,45
Sidi Yahia El Gharb,34.3058,-6.3058,2026-10-01,31.0,18.8,0.0,0,16.9,30.6,45
Sidi Yahia El Gharb,34.3058,-6.3058,2026-10-02,34.8,19.3,0.0,0,10.4,25.9,3
Chichaoua,31.5333,-8.7667,2026-09-26,32.9,21.6,0.0,0,21.8,36.7,3
Chichaoua,31.5333,-8.7667,2026-09-27,31.1,20.3,0.0,0,18.6,30.6,3
Chichaoua,31.5333,-8.7667,2026-09-28,26.1,20.1,1.2,20,15.6,25.9,61
Chichaoua,31.5333,-8.7667,2026-09-29,32.0,18.7,0.0,0,21.7,36.0,2
Chichaoua,31.5333,-8.7667,2026-09-30,32.7,19.8,0.0,0,22.0,39.2,2
Chichaoua,31.5333,-8.7667,2026-10-01,34.5,20.8,0.0,3,14.3,24.5,3
Chichaoua,31.5333,-8.7667,2026-10-02,34.7,23.3,0.30000000000000004,7,16.0,31.3,3
Al ’Attawia,31.83,-7.31,2026-09-26,34.4,19.8,0.0,0,12.2,23.8,3
Al ’Attawia,31.83,-7.31,2026-09-27,28.4,20.9,0.0,3,8.2,14.8,3
Al ’Attawia,31.83,-7.31,2026-09-28,22.4,19.2,1.3,23,12.3,25.9,61
Al ’Attawia,31.83,-7.31,2026-09-29,30.4,17.1,0.0,0,12.3,23.0,3
Al ’Attawia,31.83,-7.31,2026-09-30,32.8,19.8,0.0,0,13.4,24.8,3
Al ’Attawia,31.83,-7.31,2026-10-01,33.0,20.4,0.0,0,10.4,23.0,3
Al ’Attawia,31.83,-7.31,2026-10-02,32.6,21.0,0.0,12,14.6,29.9,3
Tabount,30.9014,-6.9217,2026-09-26,32.6,21.1,0.0,0,26.0,45.0,3
Tabount,30.9014,-6.9217,2026-09-27,31.2,21.8,0.0,0,19.8,33.8,3
Tabount,30.9014,-6.9217,2026-09-28,24.4,19.2,1.7000000000000002,30,14.8,33.1,80
Tabount,30.9014,-6.9217,2026-09-29,26.8,17.4,0.5,3,8.0,18.0,80
Tabount,30.9014,-6.9217,2026-09-30,30.2,20.1,0.0,0,8.7,15.1,3
Tabount,30.9014,-6.9217,2026-10-01,29.6,21.8,0.0,0,13.2,29.2,3
Tabount,30.9014,-6.9217,2026-10-02,28.9,19.0,0.6000000000000001,5,13.6,28.1,3
Zaïo,34.9396,-2.7334,2026-09-26,31.8,17.8,0.0,0,12.1,32.8,3
Zaïo,34.9396,-2.7334,2026-09-27,28.4,18.8,0.0,0,10.7,25.9,45
Zaïo,34.9396,-2.7334,2026-09-28,25.8,20.0,0.1,16,11.1,29.5,80
Zaïo,34.9396,-2.7334,2026-09-29,30.7,19.7,0.0,16,12.3,28.8,45
Zaïo,34.9396,-2.7334,2026-09-30,31.1,19.4,0.0,0,12.0,23.8,45
Zaïo,34.9396,-2.7334,2026-10-01,28.9,19.6,0.0,0,12.4,27.4,45
Zaïo,34.9396,-2.7334,2026-10-02,27.7,19.8,0.0,3,18.1,35.3,45
Aguelmous,33.1324,-5.8366,2026-09-26,33.1,20.3,0.0,0,16.8,40.3,3
Aguelmous,33.1324,-5.8366,2026-09-27,28.7,18.7,0.0,3,11.2,24.8,3
Aguelmous,33.1324,-5.8366,2026-09-28,21.6,17.1,0.9,60,13.5,29.2,61
Aguelmous,33.1324,-5.8366,2026-09-29,27.9,15.0,0.2,16,18.4,38.2,45
Aguelmous,33.1324,-5.8366,2026-09-30,29.5,16.8,0.0,5,17.8,34.6,3
Aguelmous,33.1324,-5.8366,2026-10-01,30.0,17.2,0.9,3,15.8,35.3,3
Aguelmous,33.1324,-5.8366,2026-10-02,28.8,18.3,1.2,17,15.3,31.0,80
Asilah,35.4667,-6.0333,2026-09-26,31.5,19.9,0.0,0,22.2,40.3,3
Asilah,35.4667,-6.0333,2026-09-27,25.8,20.1,0.0,5,14.9,27.4,3
Asilah,35.4667,-6.0333,2026-09-28,23.3,19.9,0.5,15,12.2,21.6,61
Asilah,35.4667,-6.0333,2026-09-29,24.3,18.2,0.0,1,12.5,23.4,2
Asilah,35.4667,-6.0333,2026-09-30,24.5,18.7,0.0,0,14.8,27.4,45
Asilah,35.4667,-6.0333,2026-10-01,30.4,20.2,0.0,3,11.6,22.3,3
Asilah,35.4667,-6.0333,2026-10-02,32.7,21.8,0.0,4,13.7,27.0,3
Imzouren,35.1464,-3.8506,2026-09-26,27.6,16.8,0.0,0,14.6,27.7,3
Imzouren,35.1464,-3.8506,2026-09-27,27.0,18.0,0.0,13,11.7,21.6,3
Imzouren,35.1464,-3.8506,2026-09-28,24.5,21.1,2.4,48,10.6,20.2,80
Imzouren,35.1464,-3.8506,2026-09-29,26.3,20.1,0.2,33,13.7,25.9,61
Imzouren,35.1464,-3.8506,2026-09-30,26.6,19.8,0.0,0,11.9,24.1,45
Imzouren,35.1464,-3.8506,2026-10-01,28.1,20.4,0.0,2,9.7,19.8,45
Imzouren,35.1464,-3.8506,2026-10-02,28.9,20.7,0.0,3,10.5,23.4,3
Mediouna,33.4556,-7.5208,2026-09-26,32.6,17.8,0.0,0,15.4,28.1,45
Mediouna,33.4556,-7.5208,2026-09-27,29.5,19.2,0.0,3,15.7,28.4,3
Mediouna,33.4556,-7.5208,2026-09-28,25.2,19.9,0.5,23,13.0,25.9,61
Mediouna,33.4556,-7.5208,2026-09-29,31.0,16.7,0.0,0,16.3,29.9,3
Mediouna,33.4556,-7.5208,2026-09-30,30.3,18.5,0.0,0,19.8,36.0,3
Mediouna,33.4556,-7.5208,2026-10-01,26.1,20.2,0.0,0,15.0,37.8,3
Mediouna,33.4556,-7.5208,2026-10-02,28.8,19.9,0.0,3,10.9,30.2,45
Demnat,31.7311,-7.0361,2026-09-26,32.4,20.6,0.0,0,14.6,28.1,3
Demnat,31.7311,-7.0361,2026-09-27,25.5,18.4,0.0,8,11.2,21.6,3
Demnat,31.7311,-7.0361,2026-09-28,19.5,16.8,1.5,15,11.5,22.0,61
Demnat,31.7311,-7.0361,2026-09-29,27.5,15.1,0.0,5,14.5,28.1,2
Demnat,31.7311,-7.0361,2026-09-30,29.6,18.2,0.0,3,16.6,32.0,2
Demnat,31.7311,-7.0361,2026-10-01,30.1,18.8,0.30000000000000004,14,13.1,24.5,3
Demnat,31.7311,-7.0361,2026-10-02,29.4,18.6,0.6000000000000001,24,14.3,26.6,61
Aïn Taoujdat,33.9333,-5.2167,2026-09-26,36.5,20.0,0.0,0,14.1,27.0,3
Aïn Taoujdat,33.9333,-5.2167,2026-09-27,29.2,20.5,0.0,8,13.9,27.4,3
Aïn Taoujdat,33.9333,-5.2167,2026-09-28,21.8,18.9,0.9,45,14.6,29.5,80
Aïn Taoujdat,33.9333,-5.2167,2026-09-29,29.3,17.4,0.1,24,14.1,27.0,61
Aïn Taoujdat,33.9333,-5.2167,2026-09-30,31.4,18.4,0.0,0,16.1,33.1,3
Aïn Taoujdat,33.9333,-5.2167,2026-10-01,32.9,21.5,0.0,0,17.6,32.0,3
Aïn Taoujdat,33.9333,-5.2167,2026-10-02,32.9,21.0,0.0,3,12.9,24.1,3
Sidi Smai’il,32.8167,-8.5,2026-09-26,30.4,18.9,0.0,0,16.1,29.2,45
Sidi Smai’il,32.8167,-8.5,2026-09-27,28.4,19.2,0.0,3,14.8,26.6,45
Sidi Smai’il,32.8167,-8.5,2026-09-28,25.8,20.0,2.3,15,11.8,22.3,61
Sidi Smai’il,32.8167,-8.5,2026-09-29,31.1,17.3,0.0,0,16.2,28.4,3
Sidi Smai’il,32.8167,-8.5,2026-09-30,30.9,19.3,0.0,0,19.5,34.2,3
Sidi Smai’il,32.8167,-8.5,2026-10-01,29.8,20.4,0.0,0,24.7,44.3,3
Sidi Smai’il,32.8167,-8.5,2026-10-02,32.7,20.1,0.0,3,13.3,28.1,3
Moulay Bousselham,34.8786,-6.2933,2026-09-26,29.6,17.5,0.0,0,13.6,22.7,3
Moulay Bousselham,34.8786,-6.2933,2026-09-27,25.1,20.9,0.0,0,16.4,27.4,3
Moulay Bousselham,34.8786,-6.2933,2026-09-28,23.2,19.8,0.4,15,12.4,21.6,61
Moulay Bousselham,34.8786,-6.2933,2026-09-29,26.4,17.4,0.0,1,16.3,27.0,3
Moulay Bousselham,34.8786,-6.2933,2026-09-30,25.8,17.8,0.0,0,19.3,31.7,45
Moulay Bousselham,34.8786,-6.2933,2026-10-01,28.3,19.7,0.0,0,16.6,29.5,3
Moulay Bousselham,34.8786,-6.2933,2026-10-02,30.3,19.5,0.0,0,15.1,26.3,3
Mechraa Bel Ksiri,34.56,-5.95,2026-09-26,36.8,17.2,0.0,0,16.4,34.2,45
Mechraa Bel Ksiri,34.56,-5.95,2026-09-27,29.4,20.6,0.0,3,15.0,28.8,45
Mechraa Bel Ksiri,34.56,-5.95,2026-09-28,23.5,20.6,2.0,18,8.3,17.6,61
Mechraa Bel Ksiri,34.56,-5.95,2026-09-29,30.7,17.8,0.0,3,15.8,28.8,45
Mechraa Bel Ksiri,34.56,-5.95,2026-09-30,32.4,17.3,0.0,0,16.4,30.6,3
Mechraa Bel Ksiri,34.56,-5.95,2026-10-01,32.1,18.9,0.0,0,14.3,28.4,3
Mechraa Bel Ksiri,34.56,-5.95,2026-10-02,35.4,19.3,0.0,3,9.7,20.2,45
Souk et Tnine Jorf el Mellah,34.4945,-5.5047,2026-09-26,38.5,17.9,0.0,0,13.0,23.8,3
Souk et Tnine Jorf el Mellah,34.4945,-5.5047,2026-09-27,30.5,20.2,0.0,3,15.6,29.2,45
Souk et Tnine Jorf el Mellah,34.4945,-5.5047,2026-09-28,23.3,20.5,2.0,25,8.3,19.8,61
Souk et Tnine Jorf el Mellah,34.4945,-5.5047,2026-09-29,30.9,17.9,0.0,3,12.3,23.4,45
Souk et Tnine Jorf el Mellah,34.4945,-5.5047,2026-09-30,33.1,18.5,0.0,0,12.7,27.0,45
Souk et Tnine Jorf el Mellah,34.4945,-5.5047,2026-10-01,34.1,19.9,0.0,0,13.6,26.3,45
Souk et Tnine Jorf el Mellah,34.4945,-5.5047,2026-10-02,35.3,20.5,0.0,5,10.1,19.4,3
Zeghanghane,35.1575,-3.0017,2026-09-26,27.3,17.3,0.0,0,16.2,33.5,3
Zeghanghane,35.1575,-3.0017,2026-09-27,26.2,19.4,0.0,3,20.3,39.6,3
Zeghanghane,35.1575,-3.0017,2026-09-28,25.5,20.3,0.0,26,11.0,24.1,80
Zeghanghane,35.1575,-3.0017,2026-09-29,27.4,20.4,0.0,33,13.6,27.7,3
Zeghanghane,35.1575,-3.0017,2026-09-30,27.8,19.6,0.0,0,11.1,23.0,45
Zeghanghane,35.1575,-3.0017,2026-10-01,27.2,19.9,0.0,3,14.3,29.2,45
Zeghanghane,35.1575,-3.0017,2026-10-02,26.2,21.3,0.0,5,18.4,34.6,3
Oulad Barhil,30.6408,-8.475,2026-09-26,31.1,21.3,0.0,0,22.7,41.4,3
Oulad Barhil,30.6408,-8.475,2026-09-27,31.1,17.9,0.0,0,20.6,36.7,3
Oulad Barhil,30.6408,-8.475,2026-09-28,27.4,18.9,1.5,30,10.6,24.5,80
Oulad Barhil,30.6408,-8.475,2026-09-29,33.5,20.1,0.0,0,24.0,43.2,2
Oulad Barhil,30.6408,-8.475,2026-09-30,34.8,20.9,0.0,0,28.4,51.1,2
Oulad Barhil,30.6408,-8.475,2026-10-01,36.1,21.6,0.0,0,15.5,27.7,3
Oulad Barhil,30.6408,-8.475,2026-10-02,35.3,24.0,0.0,3,17.8,39.6,3
Bir Jdid,33.3737,-8.0002,2026-09-26,28.2,19.1,0.0,0,14.5,28.8,45
Bir Jdid,33.3737,-8.0002,2026-09-27,27.0,19.8,0.0,8,17.1,33.5,3
Bir Jdid,33.3737,-8.0002,2026-09-28,25.0,19.6,4.4,23,12.8,25.2,80
Bir Jdid,33.3737,-8.0002,2026-09-29,28.4,16.8,0.0,1,14.8,30.2,3
Bir Jdid,33.3737,-8.0002,2026-09-30,27.1,18.2,0.0,0,18.5,36.7,3
Bir Jdid,33.3737,-8.0002,2026-10-01,26.0,20.4,0.0,0,24.5,46.1,3
Bir Jdid,33.3737,-8.0002,2026-10-02,27.9,20.3,0.0,3,15.5,29.5,45
Bou Arfa,32.531,-1.9631,2026-09-26,30.8,15.6,0.0,0,10.8,16.2,3
Bou Arfa,32.531,-1.9631,2026-09-27,30.3,17.7,0.0,5,22.2,35.6,3
Bou Arfa,32.531,-1.9631,2026-09-28,26.4,18.7,0.0,13,20.6,32.0,3
Bou Arfa,32.531,-1.9631,2026-09-29,26.7,18.5,0.0,5,17.8,27.4,3
Bou Arfa,32.531,-1.9631,2026-09-30,27.6,15.4,0.0,0,11.1,18.4,1
Bou Arfa,32.531,-1.9631,2026-10-01,28.5,15.5,0.0,0,10.7,15.8,2
Bou Arfa,32.531,-1.9631,2026-10-02,28.5,14.4,0.0,7,8.4,15.1,2
Tahannawt,31.3514,-7.9508,2026-09-26,30.1,21.4,0.0,0,14.1,27.4,3
Tahannawt,31.3514,-7.9508,2026-09-27,26.6,19.4,0.0,3,11.2,22.3,3
Tahannawt,31.3514,-7.9508,2026-09-28,20.8,16.4,1.8,33,10.0,23.4,61
Tahannawt,31.3514,-7.9508,2026-09-29,27.8,16.4,0.0,3,13.1,25.6,3
Tahannawt,31.3514,-7.9508,2026-09-30,29.8,18.8,0.0,3,13.0,27.7,3
Tahannawt,31.3514,-7.9508,2026-10-01,30.3,19.0,0.30000000000000004,14,19.0,33.5,80
Tahannawt,31.3514,-7.9508,2026-10-02,29.8,20.6,0.6000000000000001,15,8.8,22.0,3
Arfoud,31.4361,-4.2328,2026-09-26,34.7,22.4,0.0,0,12.6,20.2,3
Arfoud,31.4361,-4.2328,2026-09-27,33.8,25.1,0.1,10,11.2,22.0,3
Arfoud,31.4361,-4.2328,2026-09-28,28.8,24.1,0.2,5,19.2,29.5,3
Arfoud,31.4361,-4.2328,2026-09-29,29.9,21.6,0.0,5,12.2,20.2,3
Arfoud,31.4361,-4.2328,2026-09-30,31.2,19.8,0.0,0,9.8,14.4,2
Arfoud,31.4361,-4.2328,2026-10-01,31.6,21.0,0.0,0,13.0,19.8,2
Arfoud,31.4361,-4.2328,2026-10-02,31.1,20.6,0.0,0,10.2,15.8,3
Tahla,34.05,-4.42,2026-09-26,35.6,20.1,0.0,0,20.8,40.7,3
Tahla,34.05,-4.42,2026-09-27,30.3,19.8,0.0,13,13.2,27.4,3
Tahla,34.05,-4.42,2026-09-28,24.0,18.6,0.9,60,13.8,27.0,61
Tahla,34.05,-4.42,2026-09-29,30.0,17.2,0.0,30,13.6,27.0,45
Tahla,34.05,-4.42,2026-09-30,32.8,18.3,0.0,0,16.4,31.0,3
Tahla,34.05,-4.42,2026-10-01,33.8,20.0,0.0,0,15.2,26.6,3
Tahla,34.05,-4.42,2026-10-02,32.2,21.4,0.0,5,11.6,25.9,3
Missour,33.05,-3.9908,2026-09-26,34.0,17.0,0.0,0,25.5,40.7,3
Missour,33.05,-3.9908,2026-09-27,30.9,18.2,0.1,8,18.8,29.2,3
Missour,33.05,-3.9908,2026-09-28,24.2,19.7,1.2,20,9.5,16.6,80
Missour,33.05,-3.9908,2026-09-29,30.3,18.5,0.0,10,26.8,42.1,3
Missour,33.05,-3.9908,2026-09-30,31.7,17.7,0.0,0,13.8,21.2,3
Missour,33.05,-3.9908,2026-10-01,32.4,18.7,0.0,3,13.4,28.4,3
Missour,33.05,-3.9908,2026-10-02,31.6,19.8,0.0,8,12.5,18.7,3
Sidi Lmokhtar,31.57,-9.01,2026-09-26,32.9,21.0,0.0,0,17.1,28.8,3
Sidi Lmokhtar,31.57,-9.01,2026-09-27,30.7,19.7,0.0,0,17.2,28.8,3
Sidi Lmokhtar,31.57,-9.01,2026-09-28,26.3,19.9,0.4,13,18.6,30.6,61
Sidi Lmokhtar,31.57,-9.01,2026-09-29,31.3,19.0,0.0,0,18.2,30.2,2
Sidi Lmokhtar,31.57,-9.01,2026-09-30,32.1,20.0,0.0,0,18.5,32.4,3
Sidi Lmokhtar,31.57,-9.01,2026-10-01,33.9,20.5,0.0,0,14.0,27.4,3
Sidi Lmokhtar,31.57,-9.01,2026-10-02,34.5,21.9,0.6000000000000001,5,15.0,23.4,3
Douar Toulal,33.8951,-5.6021,2026-09-26,35.8,18.5,0.0,0,14.0,32.0,3
Douar Toulal,33.8951,-5.6021,2026-09-27,30.3,19.7,0.0,5,14.7,33.8,3
Douar Toulal,33.8951,-5.6021,2026-09-28,22.2,19.1,1.8,35,12.2,29.5,80
Douar Toulal,33.8951,-5.6021,2026-09-29,28.9,17.0,0.1,9,13.6,33.5,61
Douar Toulal,33.8951,-5.6021,2026-09-30,31.6,18.4,0.0,0,15.6,36.0,3
Douar Toulal,33.8951,-5.6021,2026-10-01,32.4,19.6,0.0,0,17.0,31.7,3
Douar Toulal,33.8951,-5.6021,2026-10-02,33.3,19.8,0.30000000000000004,3,11.2,26.3,3
Oulad Yaïch,32.4167,-6.3333,2026-09-26,38.1,21.3,0.0,0,18.4,32.8,3
Oulad Yaïch,32.4167,-6.3333,2026-09-27,30.7,21.7,0.0,5,15.7,32.4,3
Oulad Yaïch,32.4167,-6.3333,2026-09-28,24.6,20.3,0.4,20,13.6,24.1,61
Oulad Yaïch,32.4167,-6.3333,2026-09-29,33.2,19.1,0.0,4,12.9,24.5,2
Oulad Yaïch,32.4167,-6.3333,2026-09-30,35.4,21.1,0.0,0,12.5,23.0,2
Oulad Yaïch,32.4167,-6.3333,2026-10-01,34.3,22.0,0.30000000000000004,8,19.4,36.7,3
Oulad Yaïch,32.4167,-6.3333,2026-10-02,33.7,25.8,0.0,17,13.6,28.1,3
Zawyat ech Cheïkh,32.6541,-5.9214,2026-09-26,36.3,16.8,0.0,0,12.6,23.8,3
Zawyat ech Cheïkh,32.6541,-5.9214,2026-09-27,28.9,19.9,0.0,5,9.7,22.7,3
Zawyat ech Cheïkh,32.6541,-5.9214,2026-09-28,23.6,18.3,0.2,28,9.7,18.7,61
Zawyat ech Cheïkh,32.6541,-5.9214,2026-09-29,31.0,16.7,0.0,1,15.2,28.8,3
Zawyat ech Cheïkh,32.6541,-5.9214,2026-09-30,32.9,17.0,0.0,0,12.1,23.0,2
Zawyat ech Cheïkh,32.6541,-5.9214,2026-10-01,33.7,18.3,0.6000000000000001,0,14.8,28.8,3
Zawyat ech Cheïkh,32.6541,-5.9214,2026-10-02,32.4,19.9,0.30000000000000004,10,13.7,28.1,3
Imi-n-Tanout,31.177,-8.8504,2026-09-26,29.8,21.1,0.0,0,16.8,27.7,3
Imi-n-Tanout,31.177,-8.8504,2026-09-27,27.9,20.9,0.0,3,14.6,25.9,3
Imi-n-Tanout,31.177,-8.8504,2026-09-28,22.7,17.4,0.30000000000000004,25,14.4,23.4,61
Imi-n-Tanout,31.177,-8.8504,2026-09-29,28.0,18.2,0.0,1,18.4,31.3,2
Imi-n-Tanout,31.177,-8.8504,2026-09-30,29.1,20.2,0.0,0,19.6,35.6,2
Imi-n-Tanout,31.177,-8.8504,2026-10-01,29.7,20.9,0.30000000000000004,3,13.7,27.7,80
Imi-n-Tanout,31.177,-8.8504,2026-10-02,30.7,23.1,0.6000000000000001,14,14.5,23.8,3
Sebt Gzoula,32.1219,-9.0889,2026-09-26,28.9,19.1,0.0,0,15.3,29.5,3
Sebt Gzoula,32.1219,-9.0889,2026-09-27,27.5,18.8,0.0,0,14.7,28.4,45
Sebt Gzoula,32.1219,-9.0889,2026-09-28,28.5,20.6,0.7000000000000001,15,14.7,28.4,61
Sebt Gzoula,32.1219,-9.0889,2026-09-29,31.1,17.6,0.0,0,15.3,28.8,2
Sebt Gzoula,32.1219,-9.0889,2026-09-30,30.6,19.4,0.0,0,15.6,30.2,1
Sebt Gzoula,32.1219,-9.0889,2026-10-01,32.3,19.4,0.0,0,19.6,36.0,1
Sebt Gzoula,32.1219,-9.0889,2026-10-02,31.5,21.5,0.0,0,13.0,25.2,3
Tifariti,26.158,-10.567,2026-09-26,36.7,25.9,0.0,4,22.4,37.1,3
Tifariti,26.158,-10.567,2026-09-27,34.7,23.0,0.0,10,34.7,53.3,3
Tifariti,26.158,-10.567,2026-09-28,33.4,22.2,0.0,8,30.4,50.4,3
Tifariti,26.158,-10.567,2026-09-29,36.4,24.1,0.0,2,26.1,40.3,3
Tifariti,26.158,-10.567,2026-09-30,36.3,25.3,0.0,0,19.7,30.6,3
Tifariti,26.158,-10.567,2026-10-01,36.7,24.9,0.0,0,22.8,39.6,1
Tifariti,26.158,-10.567,2026-10-02,35.1,25.9,0.0,14,24.7,43.9,0
